id,color
Buxin Su,#fec1cb
Jiayao Zhang,#fec1cb
Natalie Collina,#fec1cb
Yuling Yan,#fec1cb
Didong Li,#62c6f2
Kyunghyun Cho,#fec1cb
Jianqing Fan,#fec1cb
Aaron Roth,#fec1cb
Weijie J. Su,#fec1cb
Aritra Halder,#fec1cb
Sudipto Banerjee,#fec1cb
Jiawen Chen,#62c6f2
Muqing Zhou,#fec1cb
Wenrong Wu,#fec1cb
Jinwei Zhang,#62c6f2
Yun Li,#fec1cb
Caiwei Xiong,#fec1cb
Quan Sun,#fec1cb
Geoffery W. Wang,#fec1cb
Gaorav P. Gupta,#fec1cb
Jordan Bryan,#62c6f2
Haibo Zhou,#fec1cb
Yun Jin Park,#62c6f2
Wancen Mu,#62c6f2
Eric S. Davis,#fec1cb
Kathleen Reed,#fec1cb
Douglas Phanstiel,#fec1cb
Michael I. Love,#fec1cb
Boyang Zhang,#fec1cb
Sarah Nyquist,#fec1cb
Andrew Jones,#fec1cb
Barbara E. Engelhardt,#fec1cb
Sam Hawke,#62c6f2
Yueen Ma,#62c6f2
Hengrui Luo,#fec1cb
Tianyu Wang,#fec1cb
Yifeng Huang,#fec1cb
Sayan Mukherjee,#fec1cb
David B Dunson,#fec1cb
Hong Niu,#62c6f2
Melissa Troester,#fec1cb
Jeremy E. Purvis,#fec1cb
Diana Cai,#fec1cb
Phuc Nguyen,#fec1cb
Zhengwu Zhang,#fec1cb
David Dunson,#fec1cb
Wenpin Tang,#fec1cb
F. William Townes,#fec1cb
Emmanuel Chevallier,#fec1cb
Yulong Lu,#fec1cb
Ameer Qaqish,#62c6f2
Eric Zhang,#62c6f2
Aishwarya Mandyam,#fec1cb
Barbara E Engelhardt,#fec1cb
Michael Jetsupphasuk,#62c6f2
Kevin Wang,#62c6f2
Yin Liu,#62c6f2
Thomas Joyce,#62c6f2
Shiyi Yang,#62c6f2
Cuiran Shi,#62c6f2
